Label,# Samples,Average,Median,90% Line,95% Line,99% Line,Min,Max,Error %,Throughput,Received KB/sec,Sent KB/sec
workflow-proccessor,500000,178,162,341,408,559,4,1367,0.000%,509.72816,77.41,70.73
workflow,500000,207,186,389,459,613,2,1437,0.000%,477.84564,178.17,63.98
TOTAL,1000000,192,173,366,436,590,2,1437,0.000%,955.00494,250.55,130.19
